<?xml version="1.0" encoding="UTF-8"?>
<description xmlns="http://openoffice.org/extensions/description/2006" xmlns:d="http://openoffice.org/extensions/description/2006"  xmlns:xlink="http://www.w3.org/1999/xlink">
    <version value="4.0.0" />
    <identifier value="org.openoffice.uk.dictionaries.UA" />
    <display-name>
        <name lang="en">Ukrainian spelling dictionary and thesaurus</name>
        <name lang="uk">Український словник перевірки орфографії та словник синонімів</name>
    </display-name>
    <platform value="all" />
    <dependencies>
        <OpenOffice.org-minimal-version value="3.0" d:name="OpenOffice.org 3.0" />
    </dependencies>
    <icon>
        <default xlink:href="icon64.png" />
    </icon>
    <publisher>
        <name xlink:href="https://github.com/brown-uk/dict_uk" lang="uk">ВЕСУМ</name>
    </publisher>
    <update-information>
        <src xlink:href="https://raw.githubusercontent.com/brown-uk/dict_uk/master/distr/openoffice.org/service/oxt-update.xml" />
    </update-information>
</description>
